,Age (mean),Age (sd),% Female,N
Connectome,28.190698623657227,8.111772537231445,41.86046511627907,43
Penn FTD Center,39.57398986816406,19.1475887298584,56.82326621923938,447
Davis Group,32.681251525878906,11.379103660583496,56.25,16
David Wolk Lab,68.16585540771484,15.615558624267578,100.0,205
Detre Group,28.669353485107422,5.744270324707031,53.2258064516129,62
Oathes Lab,30.515789031982422,10.496979713439941,56.84210526315789,95
